{
  "train_snrs": [
    5.0,
    10.0,
    15.0
  ],
  "eval_snrs": [
    0.0,
    5.0,
    10.0,
    15.0,
    20.0
  ],
  "classes": [
    "BPSK",
    "QPSK",
    "8PSK",
    "QAM16",
    "QAM64",
    "GFSK",
    "CPFSK",
    "PAM4",
    "WBFM",
    "AM-SSB",
    "AM-DSB"
  ],
  "per_snr": {
    "0.0": {
      "overall": 0.2819602272727273,
      "per_class": {
        "BPSK": 0.9921875,
        "QPSK": 0.125,
        "8PSK": 0.0,
        "QAM16": 0.99609375,
        "QAM64": 0.0,
        "GFSK": 0.98828125,
        "CPFSK": 0.0,
        "PAM4": 0.0,
        "WBFM": 0.0,
        "AM-SSB": 0.0,
        "AM-DSB": 0.0
      }
    },
    "5.0": {
      "overall": 0.9438920454545454,
      "per_class": {
        "BPSK": 1.0,
        "QPSK": 0.89453125,
        "8PSK": 0.80859375,
        "QAM16": 0.78125,
        "QAM64": 0.9296875,
        "GFSK": 0.9765625,
        "CPFSK": 0.9921875,
        "PAM4": 1.0,
        "WBFM": 1.0,
        "AM-SSB": 1.0,
        "AM-DSB": 1.0
      }
    },
    "10.0": {
      "overall": 0.9762073863636364,
      "per_class": {
        "BPSK": 1.0,
        "QPSK": 0.9765625,
        "8PSK": 0.95703125,
        "QAM16": 0.8046875,
        "QAM64": 1.0,
        "GFSK": 1.0,
        "CPFSK": 1.0,
        "PAM4": 1.0,
        "WBFM": 1.0,
        "AM-SSB": 1.0,
        "AM-DSB": 1.0
      }
    },
    "15.0": {
      "overall": 0.9889914772727273,
      "per_class": {
        "BPSK": 1.0,
        "QPSK": 0.9921875,
        "8PSK": 0.98828125,
        "QAM16": 0.8984375,
        "QAM64": 1.0,
        "GFSK": 1.0,
        "CPFSK": 1.0,
        "PAM4": 1.0,
        "WBFM": 1.0,
        "AM-SSB": 1.0,
        "AM-DSB": 1.0
      }
    },
    "20.0": {
      "overall": 0.9928977272727273,
      "per_class": {
        "BPSK": 1.0,
        "QPSK": 0.99609375,
        "8PSK": 0.98828125,
        "QAM16": 0.9375,
        "QAM64": 1.0,
        "GFSK": 1.0,
        "CPFSK": 1.0,
        "PAM4": 1.0,
        "WBFM": 1.0,
        "AM-SSB": 1.0,
        "AM-DSB": 1.0
      }
    }
  }
}