{
  "train_snrs": [
    5.0,
    10.0,
    15.0
  ],
  "eval_snrs": [
    0.0,
    5.0,
    10.0,
    15.0,
    20.0
  ],
  "classes": [
    "BPSK",
    "QPSK",
    "8PSK",
    "QAM16",
    "QAM64",
    "GFSK",
    "CPFSK",
    "PAM4",
    "WBFM",
    "AM-SSB",
    "AM-DSB"
  ],
  "per_snr": {
    "0.0": {
      "overall": 0.18288352272727273,
      "per_class": {
        "BPSK": 1.0,
        "QPSK": 0.0,
        "8PSK": 0.0,
        "QAM16": 1.0,
        "QAM64": 0.0,
        "GFSK": 0.0,
        "CPFSK": 0.0,
        "PAM4": 0.0,
        "WBFM": 0.01171875,
        "AM-SSB": 0.0,
        "AM-DSB": 0.0
      }
    },
    "5.0": {
      "overall": 0.9055397727272727,
      "per_class": {
        "BPSK": 1.0,
        "QPSK": 0.6875,
        "8PSK": 0.91796875,
        "QAM16": 0.8359375,
        "QAM64": 0.734375,
        "GFSK": 0.78515625,
        "CPFSK": 1.0,
        "PAM4": 1.0,
        "WBFM": 1.0,
        "AM-SSB": 1.0,
        "AM-DSB": 1.0
      }
    },
    "10.0": {
      "overall": 0.9857954545454546,
      "per_class": {
        "BPSK": 1.0,
        "QPSK": 0.94140625,
        "8PSK": 0.984375,
        "QAM16": 0.984375,
        "QAM64": 1.0,
        "GFSK": 0.93359375,
        "CPFSK": 1.0,
        "PAM4": 1.0,
        "WBFM": 1.0,
        "AM-SSB": 1.0,
        "AM-DSB": 1.0
      }
    },
    "15.0": {
      "overall": 0.9911221590909091,
      "per_class": {
        "BPSK": 1.0,
        "QPSK": 0.953125,
        "8PSK": 0.9921875,
        "QAM16": 1.0,
        "QAM64": 1.0,
        "GFSK": 0.95703125,
        "CPFSK": 1.0,
        "PAM4": 1.0,
        "WBFM": 1.0,
        "AM-SSB": 1.0,
        "AM-DSB": 1.0
      }
    },
    "20.0": {
      "overall": 0.9889914772727273,
      "per_class": {
        "BPSK": 1.0,
        "QPSK": 0.92578125,
        "8PSK": 1.0,
        "QAM16": 0.9921875,
        "QAM64": 1.0,
        "GFSK": 0.9609375,
        "CPFSK": 1.0,
        "PAM4": 1.0,
        "WBFM": 1.0,
        "AM-SSB": 1.0,
        "AM-DSB": 1.0
      }
    }
  }
}