{
  "train_snrs": [
    5.0,
    10.0,
    15.0
  ],
  "eval_snrs": [
    0.0,
    5.0,
    10.0,
    15.0,
    20.0
  ],
  "classes": [
    "BPSK",
    "QPSK",
    "8PSK",
    "QAM16",
    "QAM64",
    "GFSK",
    "CPFSK",
    "PAM4",
    "WBFM",
    "AM-SSB",
    "AM-DSB"
  ],
  "per_snr": {
    "0.0": {
      "overall": 0.21448863636363635,
      "per_class": {
        "BPSK": 1.0,
        "QPSK": 0.00390625,
        "8PSK": 0.0,
        "QAM16": 1.0,
        "QAM64": 0.0,
        "GFSK": 0.0,
        "CPFSK": 0.0,
        "PAM4": 0.0,
        "WBFM": 0.35546875,
        "AM-SSB": 0.0,
        "AM-DSB": 0.0
      }
    },
    "5.0": {
      "overall": 0.9318181818181818,
      "per_class": {
        "BPSK": 1.0,
        "QPSK": 0.7109375,
        "8PSK": 0.765625,
        "QAM16": 0.97265625,
        "QAM64": 0.86328125,
        "GFSK": 0.98828125,
        "CPFSK": 0.94921875,
        "PAM4": 1.0,
        "WBFM": 1.0,
        "AM-SSB": 1.0,
        "AM-DSB": 1.0
      }
    },
    "10.0": {
      "overall": 0.9825994318181818,
      "per_class": {
        "BPSK": 1.0,
        "QPSK": 0.85546875,
        "8PSK": 0.9765625,
        "QAM16": 0.98828125,
        "QAM64": 1.0,
        "GFSK": 0.9921875,
        "CPFSK": 0.99609375,
        "PAM4": 1.0,
        "WBFM": 1.0,
        "AM-SSB": 1.0,
        "AM-DSB": 1.0
      }
    },
    "15.0": {
      "overall": 0.984375,
      "per_class": {
        "BPSK": 1.0,
        "QPSK": 0.84765625,
        "8PSK": 0.99609375,
        "QAM16": 1.0,
        "QAM64": 1.0,
        "GFSK": 0.99609375,
        "CPFSK": 0.98828125,
        "PAM4": 1.0,
        "WBFM": 1.0,
        "AM-SSB": 1.0,
        "AM-DSB": 1.0
      }
    },
    "20.0": {
      "overall": 0.9868607954545454,
      "per_class": {
        "BPSK": 1.0,
        "QPSK": 0.86328125,
        "8PSK": 1.0,
        "QAM16": 1.0,
        "QAM64": 1.0,
        "GFSK": 0.9921875,
        "CPFSK": 1.0,
        "PAM4": 1.0,
        "WBFM": 1.0,
        "AM-SSB": 1.0,
        "AM-DSB": 1.0
      }
    }
  }
}