{
  "train_snrs": [
    5.0,
    10.0,
    15.0
  ],
  "eval_snrs": [
    0.0,
    5.0,
    10.0,
    15.0,
    20.0
  ],
  "classes": [
    "BPSK",
    "QPSK",
    "8PSK",
    "QAM16",
    "QAM64",
    "GFSK",
    "CPFSK",
    "PAM4",
    "WBFM",
    "AM-SSB",
    "AM-DSB"
  ],
  "per_snr": {
    "0.0": {
      "overall": 0.19069602272727273,
      "per_class": {
        "BPSK": 0.890625,
        "QPSK": 0.0,
        "8PSK": 0.0,
        "QAM16": 0.99609375,
        "QAM64": 0.0,
        "GFSK": 0.0,
        "CPFSK": 0.0,
        "PAM4": 0.0,
        "WBFM": 0.2109375,
        "AM-SSB": 0.0,
        "AM-DSB": 0.0
      }
    },
    "5.0": {
      "overall": 0.9261363636363636,
      "per_class": {
        "BPSK": 1.0,
        "QPSK": 0.75,
        "8PSK": 0.7421875,
        "QAM16": 0.98828125,
        "QAM64": 0.7734375,
        "GFSK": 0.95703125,
        "CPFSK": 0.9765625,
        "PAM4": 1.0,
        "WBFM": 1.0,
        "AM-SSB": 1.0,
        "AM-DSB": 1.0
      }
    },
    "10.0": {
      "overall": 0.9786931818181818,
      "per_class": {
        "BPSK": 1.0,
        "QPSK": 0.91015625,
        "8PSK": 0.96484375,
        "QAM16": 0.91796875,
        "QAM64": 0.99609375,
        "GFSK": 0.99609375,
        "CPFSK": 0.98046875,
        "PAM4": 1.0,
        "WBFM": 1.0,
        "AM-SSB": 1.0,
        "AM-DSB": 1.0
      }
    },
    "15.0": {
      "overall": 0.9928977272727273,
      "per_class": {
        "BPSK": 1.0,
        "QPSK": 0.97265625,
        "8PSK": 0.9921875,
        "QAM16": 0.97265625,
        "QAM64": 1.0,
        "GFSK": 1.0,
        "CPFSK": 0.984375,
        "PAM4": 1.0,
        "WBFM": 1.0,
        "AM-SSB": 1.0,
        "AM-DSB": 1.0
      }
    },
    "20.0": {
      "overall": 0.9957386363636364,
      "per_class": {
        "BPSK": 1.0,
        "QPSK": 0.97265625,
        "8PSK": 0.99609375,
        "QAM16": 0.98828125,
        "QAM64": 1.0,
        "GFSK": 1.0,
        "CPFSK": 0.99609375,
        "PAM4": 1.0,
        "WBFM": 1.0,
        "AM-SSB": 1.0,
        "AM-DSB": 1.0
      }
    }
  }
}