{
  "train_snrs": [
    5.0,
    10.0,
    15.0
  ],
  "eval_snrs": [
    0.0,
    5.0,
    10.0,
    15.0,
    20.0
  ],
  "classes": [
    "BPSK",
    "QPSK",
    "8PSK",
    "QAM16",
    "QAM64",
    "GFSK",
    "CPFSK",
    "PAM4",
    "WBFM",
    "AM-SSB",
    "AM-DSB"
  ],
  "per_snr": {
    "0.0": {
      "overall": 0.18288352272727273,
      "per_class": {
        "BPSK": 1.0,
        "QPSK": 0.0,
        "8PSK": 0.0,
        "QAM16": 1.0,
        "QAM64": 0.0,
        "GFSK": 0.0,
        "CPFSK": 0.0,
        "PAM4": 0.0,
        "WBFM": 0.01171875,
        "AM-SSB": 0.0,
        "AM-DSB": 0.0
      }
    },
    "5.0": {
      "overall": 0.9005681818181818,
      "per_class": {
        "BPSK": 1.0,
        "QPSK": 0.76171875,
        "8PSK": 0.90234375,
        "QAM16": 0.828125,
        "QAM64": 0.8828125,
        "GFSK": 0.53125,
        "CPFSK": 1.0,
        "PAM4": 1.0,
        "WBFM": 1.0,
        "AM-SSB": 1.0,
        "AM-DSB": 1.0
      }
    },
    "10.0": {
      "overall": 0.9655539772727273,
      "per_class": {
        "BPSK": 1.0,
        "QPSK": 0.96484375,
        "8PSK": 0.98046875,
        "QAM16": 0.98046875,
        "QAM64": 1.0,
        "GFSK": 0.6953125,
        "CPFSK": 1.0,
        "PAM4": 1.0,
        "WBFM": 1.0,
        "AM-SSB": 1.0,
        "AM-DSB": 1.0
      }
    },
    "15.0": {
      "overall": 0.9754971590909091,
      "per_class": {
        "BPSK": 1.0,
        "QPSK": 0.96875,
        "8PSK": 0.98828125,
        "QAM16": 1.0,
        "QAM64": 1.0,
        "GFSK": 0.7734375,
        "CPFSK": 1.0,
        "PAM4": 1.0,
        "WBFM": 1.0,
        "AM-SSB": 1.0,
        "AM-DSB": 1.0
      }
    },
    "20.0": {
      "overall": 0.97265625,
      "per_class": {
        "BPSK": 1.0,
        "QPSK": 0.96484375,
        "8PSK": 1.0,
        "QAM16": 0.9921875,
        "QAM64": 1.0,
        "GFSK": 0.7421875,
        "CPFSK": 1.0,
        "PAM4": 1.0,
        "WBFM": 1.0,
        "AM-SSB": 1.0,
        "AM-DSB": 1.0
      }
    }
  }
}