{
  "n_seeds": 5,
  "sae_mean_r_per_seed": [
    0.4483695454958431,
    0.6114610206325883,
    0.4898920528245279,
    0.4947594945882281,
    0.6071648765920085
  ],
  "pca_mean_r_per_seed": [
    0.1231163422330976,
    0.14879695846021387,
    0.1293022388300853,
    0.13754732219161467,
    0.12227444940186913
  ],
  "sae_strong_per_seed": [
    0.2857142857142857,
    0.41304347826086957,
    0.29310344827586204,
    0.3541666666666667,
    0.4423076923076923
  ],
  "pca_strong_per_seed": [
    0.047619047619047616,
    0.043478260869565216,
    0.034482758620689655,
    0.041666666666666664,
    0.038461538461538464
  ],
  "sae_median_mean_r": 0.4947594945882281,
  "pca_median_mean_r": 0.1293022388300853,
  "ratio_median": 3.826379953392658,
  "families": [
    "C21",
    "C41_mag",
    "amp_kurtosis",
    "env_var",
    "phase_std",
    "spec_bandwidth",
    "C20_mag",
    "amp_std",
    "C40_norm",
    "C41_norm",
    "spec_centroid",
    "amp_mean",
    "papr",
    "C42"
  ],
  "classes": [
    "BPSK",
    "QPSK",
    "8PSK",
    "QAM16",
    "QAM64",
    "GFSK",
    "CPFSK",
    "PAM4",
    "WBFM",
    "AM-SSB",
    "AM-DSB"
  ],
  "family_seeds": {
    "env_var": 5,
    "spec_bandwidth": 5,
    "C41_mag": 5,
    "C20_mag": 4,
    "C42": 1,
    "C41_norm": 3,
    "papr": 2,
    "C40_norm": 3,
    "amp_std": 4,
    "phase_std": 5,
    "amp_mean": 2,
    "amp_kurtosis": 5,
    "spec_centroid": 3,
    "C21": 5
  },
  "median_delta_matrix": [
    [
      0.0,
      0.0,
      0.0,
      0.0,
      0.0,
      0.0,
      0.0,
      0.0,
      0.0,
      -1.0,
      0.0
    ],
    [
      -1.0,
      -0.001953125,
      0.0,
      0.0,
      0.0,
      0.0,
      0.0,
      0.0,
      0.0,
      0.0,
      0.0
    ],
    [
      0.0,
      0.0,
      0.0,
      0.0,
      0.0,
      0.0,
      0.0,
      0.0,
      0.0,
      0.0,
      0.0
    ],
    [
      0.0,
      0.044921875,
      -0.0693359375,
      -0.8203125,
      0.0,
      0.0,
      0.0,
      0.0,
      0.0,
      0.0,
      0.0
    ],
    [
      0.0,
      0.0,
      0.0,
      0.0,
      0.0,
      -0.5712890625,
      -0.9873046875,
      0.0,
      -1.0,
      0.0,
      0.0
    ],
    [
      0.0,
      -0.921875,
      -0.9658203125,
      -0.9052734375,
      0.0,
      0.0,
      0.0,
      0.0,
      0.0,
      0.0,
      0.0
    ],
    [
      -1.0,
      0.0,
      0.0,
      0.0,
      0.0,
      0.0,
      0.0,
      -0.021484375,
      0.0,
      0.0,
      0.0
    ],
    [
      0.0,
      0.0,
      0.0,
      0.0,
      0.0,
      0.0,
      0.0,
      0.0,
      0.0,
      0.0,
      0.0
    ],
    [
      0.0,
      0.0,
      -0.3486328125,
      -0.1337890625,
      0.0,
      0.0,
      -0.0009765625,
      0.0,
      0.0,
      0.0,
      0.0
    ],
    [
      0.0,
      0.078125,
      -0.9697265625,
      -0.9736328125,
      0.0,
      0.0,
      0.0,
      0.0,
      -1.0,
      0.0,
      0.0
    ],
    [
      0.0,
      0.0,
      0.0,
      0.0,
      0.0,
      0.0,
      0.0,
      0.0,
      0.0,
      0.0,
      0.0
    ],
    [
      0.0,
      0.0,
      0.0,
      0.0,
      0.0,
      0.0,
      0.0,
      -0.5,
      0.0,
      0.0,
      -0.5126953125
    ],
    [
      0.0,
      0.0,
      0.0,
      0.0,
      0.0,
      0.0,
      0.0,
      0.0,
      0.0,
      0.0,
      0.0
    ],
    [
      0.0,
      0.046875,
      -0.0498046875,
      -0.119140625,
      -0.0546875,
      0.0,
      -0.05078125,
      0.0,
      0.0,
      -1.0,
      0.0
    ]
  ],
  "broken_count_matrix": [
    [
      0,
      1,
      1,
      1,
      0,
      0,
      0,
      0,
      2,
      3,
      2
    ],
    [
      5,
      0,
      0,
      0,
      0,
      0,
      0,
      1,
      0,
      0,
      0
    ],
    [
      0,
      0,
      0,
      0,
      0,
      0,
      0,
      0,
      0,
      0,
      0
    ],
    [
      0,
      0,
      1,
      5,
      0,
      0,
      0,
      0,
      0,
      0,
      0
    ],
    [
      0,
      0,
      0,
      0,
      0,
      4,
      5,
      0,
      4,
      0,
      0
    ],
    [
      0,
      4,
      5,
      5,
      1,
      0,
      1,
      0,
      0,
      1,
      0
    ],
    [
      3,
      0,
      0,
      0,
      0,
      0,
      0,
      1,
      0,
      0,
      0
    ],
    [
      0,
      0,
      0,
      0,
      0,
      0,
      0,
      0,
      0,
      0,
      0
    ],
    [
      0,
      1,
      2,
      1,
      1,
      0,
      1,
      0,
      1,
      0,
      0
    ],
    [
      0,
      0,
      3,
      3,
      1,
      0,
      0,
      0,
      2,
      0,
      0
    ],
    [
      0,
      0,
      0,
      0,
      0,
      0,
      0,
      0,
      0,
      0,
      1
    ],
    [
      0,
      0,
      0,
      0,
      0,
      0,
      0,
      1,
      0,
      0,
      1
    ],
    [
      0,
      0,
      0,
      0,
      0,
      0,
      0,
      0,
      0,
      0,
      0
    ],
    [
      0,
      0,
      0,
      0,
      0,
      0,
      0,
      0,
      0,
      1,
      0
    ]
  ],
  "robust_pairs": [
    {
      "family": "C41_mag",
      "class": "BPSK",
      "seen_in": 5,
      "broke_in": 5,
      "median_delta": -1.0
    },
    {
      "family": "phase_std",
      "class": "WBFM",
      "seen_in": 5,
      "broke_in": 4,
      "median_delta": -1.0
    },
    {
      "family": "C21",
      "class": "AM-SSB",
      "seen_in": 5,
      "broke_in": 3,
      "median_delta": -1.0
    },
    {
      "family": "C20_mag",
      "class": "BPSK",
      "seen_in": 4,
      "broke_in": 3,
      "median_delta": -1.0
    },
    {
      "family": "C41_norm",
      "class": "WBFM",
      "seen_in": 3,
      "broke_in": 2,
      "median_delta": -1.0
    },
    {
      "family": "phase_std",
      "class": "CPFSK",
      "seen_in": 5,
      "broke_in": 5,
      "median_delta": -0.9873046875
    },
    {
      "family": "C41_norm",
      "class": "QAM16",
      "seen_in": 3,
      "broke_in": 3,
      "median_delta": -0.9736328125
    },
    {
      "family": "C41_norm",
      "class": "8PSK",
      "seen_in": 3,
      "broke_in": 3,
      "median_delta": -0.9697265625
    },
    {
      "family": "spec_bandwidth",
      "class": "8PSK",
      "seen_in": 5,
      "broke_in": 5,
      "median_delta": -0.9658203125
    },
    {
      "family": "spec_bandwidth",
      "class": "QPSK",
      "seen_in": 5,
      "broke_in": 4,
      "median_delta": -0.921875
    },
    {
      "family": "spec_bandwidth",
      "class": "QAM16",
      "seen_in": 5,
      "broke_in": 5,
      "median_delta": -0.9052734375
    },
    {
      "family": "env_var",
      "class": "QAM16",
      "seen_in": 5,
      "broke_in": 5,
      "median_delta": -0.8203125
    },
    {
      "family": "phase_std",
      "class": "GFSK",
      "seen_in": 5,
      "broke_in": 4,
      "median_delta": -0.5712890625
    },
    {
      "family": "C40_norm",
      "class": "8PSK",
      "seen_in": 3,
      "broke_in": 2,
      "median_delta": -0.3486328125
    }
  ]
}