{
  "train_snrs": [
    5.0,
    10.0,
    15.0
  ],
  "eval_snrs": [
    0.0,
    5.0,
    10.0,
    15.0,
    20.0
  ],
  "classes": [
    "BPSK",
    "QPSK",
    "8PSK",
    "QAM16",
    "QAM64",
    "GFSK",
    "CPFSK",
    "PAM4",
    "WBFM",
    "AM-SSB",
    "AM-DSB"
  ],
  "per_snr": {
    "0.0": {
      "overall": 0.18323863636363635,
      "per_class": {
        "BPSK": 0.0,
        "QPSK": 0.0,
        "8PSK": 0.0,
        "QAM16": 1.0,
        "QAM64": 0.0,
        "GFSK": 0.01953125,
        "CPFSK": 0.99609375,
        "PAM4": 0.0,
        "WBFM": 0.0,
        "AM-SSB": 0.0,
        "AM-DSB": 0.0
      }
    },
    "5.0": {
      "overall": 0.9367897727272727,
      "per_class": {
        "BPSK": 1.0,
        "QPSK": 0.83984375,
        "8PSK": 0.73046875,
        "QAM16": 0.95703125,
        "QAM64": 0.94921875,
        "GFSK": 1.0,
        "CPFSK": 0.828125,
        "PAM4": 1.0,
        "WBFM": 1.0,
        "AM-SSB": 1.0,
        "AM-DSB": 1.0
      }
    },
    "10.0": {
      "overall": 0.9744318181818182,
      "per_class": {
        "BPSK": 1.0,
        "QPSK": 0.92578125,
        "8PSK": 0.93359375,
        "QAM16": 0.92578125,
        "QAM64": 1.0,
        "GFSK": 1.0,
        "CPFSK": 0.93359375,
        "PAM4": 1.0,
        "WBFM": 1.0,
        "AM-SSB": 1.0,
        "AM-DSB": 1.0
      }
    },
    "15.0": {
      "overall": 0.9847301136363636,
      "per_class": {
        "BPSK": 1.0,
        "QPSK": 0.9140625,
        "8PSK": 0.96875,
        "QAM16": 0.984375,
        "QAM64": 1.0,
        "GFSK": 1.0,
        "CPFSK": 0.96484375,
        "PAM4": 1.0,
        "WBFM": 1.0,
        "AM-SSB": 1.0,
        "AM-DSB": 1.0
      }
    },
    "20.0": {
      "overall": 0.9889914772727273,
      "per_class": {
        "BPSK": 1.0,
        "QPSK": 0.9296875,
        "8PSK": 0.99609375,
        "QAM16": 0.97265625,
        "QAM64": 0.9921875,
        "GFSK": 1.0,
        "CPFSK": 0.98828125,
        "PAM4": 1.0,
        "WBFM": 1.0,
        "AM-SSB": 1.0,
        "AM-DSB": 1.0
      }
    }
  }
}